{"cameraMode":{"drawMode":0,"name":"Shaded","section":"Shading Mode"},"sceneLighting":true,"audioPlay":false,"sceneViewState":{"showFog":true,"showMaterialUpdate":false,"showSkybox":true,"showFlares":true,"showImageEffects":true,"showParticleSystems":true},"in2DMode":false,"pivot":{"x":-3.807748317718506,"y":2.896751642227173,"z":-7.57573127746582},"rotation":{"x":0.049791403114795688,"y":0.002989822765812278,"z":-0.0001652594655752182,"w":0.9987779855728149},"size":0.5227307081222534,"orthographic":false}